<?xml version="1.0" encoding="UTF-8"?><!DOCTYPE module PUBLIC
    "-//Puppy Crawl//DTD Check Configuration 1.3//EN"
    "http://www.puppycrawl.com/dtds/configuration_1_3.dtd">

<module name="Checker">
    <property name="severity" value="warning"/>
    <property name="charset" value="UTF-8"/>
    <module name="SuppressionCommentFilter">
        <property name="offCommentFormat" value="CHECKSTYLE:OFF IndentationCheck"/>
        <property name="onCommentFormat" value="CHECKSTYLE:ON IndentationCheck"/>
        <property name="checkFormat" value="IndentationCheck"/>
    </module>
    <module name="TreeWalker">

        <!-- Checks for Javadoc comments. -->
        <!-- See http://checkstyle.sf.net/config_javadoc.html -->
        <module name="JavadocType"/>

        <!-- Checks for Naming Conventions. -->
        <!-- See http://checkstyle.sf.net/config_naming.html -->
        <module name="ConstantName">
            <property name="severity" value="error"/>
            <property name="format" value="^([A-Z][A-Z0-9]*(_[A-Z0-9]+)*)|(s[A-Z][a-zA-Z0-9]*)$"/>
            <message key="name.invalidPattern"
                value="Static final field names must either be all caps (e.g. int HEIGHT_PX) for 'true' constants, or start with s (e.g. AtomicInteger sNextId or Runnable sSuspendTask) for fields with mutable state or that don't 'feel' like constants."/>
        </module>
        <module name="LocalFinalVariableName"/>
        <module name="LocalVariableName"/>
        <module name="MemberName"/>
        <module name="MethodName">
            <property name="severity" value="error"/>
            <property name="format" value="^[a-z][a-zA-Z0-9_]*$"/>
            <message key="name.invalidPattern"
                value="Method names should start with a lower case letter (e.g. getWidth())"/>
        </module>
        <module name="PackageName">
            <property name="severity" value="error"/>
            <property name="format" value="^[a-z]+(\.[a-z][a-z0-9_]{1,})*$"/>
        </module>
        <module name="ParameterName">
            <property name="severity" value="error"/>
        </module>
        <!-- Static field names start with s. -->
        <module name="StaticVariableName"/>
        <module name="TypeName">
            <property name="severity" value="error"/>
        </module>

        <!-- Checks for imports -->
        <!-- See http://checkstyle.sf.net/config_import.html -->
        <module name="AvoidStarImport"/>
        <module name="IllegalImport"/>
        <!-- defaults to sun.* packages -->
        <module name="RedundantImport">
            <message key="import.redundant"
                value="Redundant import: {0}. Use Ctrl+Shift+O (Eclipse) or Ctrl+Alt+O (Intellij) to sort imports"/>
            <property name="severity" value="error"/>
        </module>
        <module name="UnusedImports">
            <message key="import.unused"
                value="Unused import: {0}. Use Ctrl+Shift+O (Eclipse) or Ctrl+Alt+O (Intellij) to sort imports"/>
            <property name="severity" value="error"/>
            <property name="processJavadoc" value="true"/>
        </module>

        <!-- Checks for Size Violations. -->
        <!-- See http://checkstyle.sf.net/config_sizes.html -->
        <module name="LineLength">
            <property name="severity" value="error"/>
            <property name="ignorePattern"
                value="^package.*|^import.*|a href|href|http://|https://|ftp://"/>
            <property name="max" value="100"/>
        </module>
        <module name="MethodLength">
            <property name="max" value="60"/>
        </module>
        <module name="ParameterNumber">
            <property name="max" value="10"/>
        </module>

        <!-- Checks for whitespace -->
        <!-- See http://checkstyle.sf.net/config_whitespace.html -->
        <module name="EmptyForIteratorPad"/>
        <module name="GenericWhitespace">
            <property name="severity" value="error"/>
            <message key="ws.followed"
                value="GenericWhitespace ''{0}'' is followed by whitespace."/>
            <message key="ws.preceded"
                value="GenericWhitespace ''{0}'' is preceded with whitespace."/>
            <message key="ws.illegalFollow"
                value="GenericWhitespace ''{0}'' should followed by whitespace."/>
            <message key="ws.notPreceded"
                value="GenericWhitespace ''{0}'' is not preceded with whitespace."/>
        </module>
        <module name="MethodParamPad">
            <property name="severity" value="error"/>
        </module>
        <module name="NoWhitespaceAfter">
            <property name="severity" value="error"/>
            <property name="tokens" value="BNOT, DEC, DOT, INC, LNOT, UNARY_MINUS, UNARY_PLUS"/>
        </module>
        <module name="NoWhitespaceBefore">
            <property name="severity" value="error"/>
            <property name="allowLineBreaks" value="true"/>
            <property name="tokens" value="SEMI, DOT, POST_DEC, POST_INC"/>
        </module>
        <module name="ParenPad">
            <property name="severity" value="error"/>
        </module>
        <module name="TypecastParenPad"/>
        <module name="WhitespaceAfter">
            <property name="severity" value="error"/>
            <property name="tokens" value="COMMA, SEMI, TYPECAST"/>
        </module>
        <module name="WhitespaceAround">
            <property name="severity" value="error"/>
            <property name="tokens"
                value="ASSIGN, BAND, BAND_ASSIGN, BOR, BOR_ASSIGN, BSR, BSR_ASSIGN, BXOR, BXOR_ASSIGN, COLON, DIV, DIV_ASSIGN, EQUAL, GE, GT, LAND, LE, LITERAL_ASSERT, LITERAL_CATCH, LITERAL_DO, LITERAL_ELSE, LITERAL_FINALLY, LITERAL_FOR, LITERAL_IF, LITERAL_RETURN, LITERAL_SYNCHRONIZED, LITERAL_TRY, LITERAL_WHILE, LOR, LT, MINUS, MINUS_ASSIGN, MOD, MOD_ASSIGN, NOT_EQUAL, PLUS, PLUS_ASSIGN, QUESTION, SL, SLIST, SL_ASSIGN, SR, SR_ASSIGN, STAR, STAR_ASSIGN, TYPE_EXTENSION_AND"/>
            <property name="allowEmptyConstructors" value="true"/>
            <property name="allowEmptyMethods" value="true"/>
        </module>
        <module name="OperatorWrap"/>
        <module name="SeparatorWrap">
            <property name="severity" value="error"/>
            <property name="tokens" value="DOT"/>
            <property name="option" value="nl"/>
        </module>
        <module name="SeparatorWrap">
            <property name="severity" value="error"/>
            <property name="tokens" value="COMMA"/>
            <property name="option" value="EOL"/>
        </module>

        <!-- Modifier Checks -->
        <!-- See http://checkstyle.sf.net/config_modifiers.html -->
        <module name="ModifierOrder">
            <property name="severity" value="error"/>
        </module>
        <module name="RedundantModifier">
            <property name="severity" value="error"/>
        </module>

        <!-- Checks for blocks. You know, those {}'s -->
        <!-- See http://checkstyle.sf.net/config_blocks.html -->
        <module name="AvoidNestedBlocks"/>
        <module name="EmptyBlock">
            <property name="severity" value="error"/>
            <property name="option" value="text"/>
            <metadata name="altname" value="EmptyCatchBlock"/>
        </module>
        <module name="LeftCurly">
            <property name="severity" value="error"/>
        </module>
        <module name="NeedBraces"/>
        <module name="RightCurly">
            <property name="severity" value="error"/>
        </module>

        <!-- Checks for common coding problems -->
        <!-- See http://checkstyle.sf.net/config_coding.html -->
        <module name="EmptyStatement">
            <property name="severity" value="error"/>
        </module>
        <module name="EqualsHashCode"/>
        <module name="HiddenField">
            <property name="ignoreSetter" value="true"/>
            <property name="ignoreConstructorParameter" value="true"/>
        </module>
        <module name="InnerAssignment"/>
        <module name="SimplifyBooleanExpression">
            <property name="severity" value="error"/>
        </module>
        <module name="SimplifyBooleanReturn">
            <property name="severity" value="error"/>
        </module>
        <module name="StringLiteralEquality">
            <property name="severity" value="error"/>
        </module>
        <module name="FallThrough">
            <property name="severity" value="error"/>
            <property name="reliefPattern" value=".*"/>
        </module>
        <module name="NoFinalizer">
            <property name="severity" value="info"/>
        </module>
        <module name="IllegalCatch">
            <property name="severity" value="info"/>
            <property name="illegalClassNames"
                value="java.lang.Exception, java.lang.Throwable, java.lang.RuntimeException, java.lang.NullPointerException"/>
        </module>

        <!-- Checks for class design -->
        <!-- See http://checkstyle.sf.net/config_design.html -->
        <module name="FinalClass"/>
        <module name="HideUtilityClassConstructor"/>
        <module name="InterfaceIsType">
            <property name="allowMarkerInterfaces" value="true"/>
        </module>
        <module name="VisibilityModifier">
            <property name="packageAllowed" value="true"/>
            <property name="protectedAllowed" value="true"/>
        </module>
        <module name="OneTopLevelClass">
            <property name="severity" value="error"/>
        </module>

        <!-- Miscellaneous other checks. -->
        <!-- See http://checkstyle.sf.net/config_misc.html -->
        <module name="ArrayTypeStyle">
            <property name="severity" value="error"/>
        </module>
        <module name="UpperEll">
            <property name="severity" value="error"/>
        </module>
        <module name="Indentation">
            <property name="severity" value="error"/>
            <property name="arrayInitIndent" value="8"/>
        </module>
        <module name="OuterTypeFilename">
            <property name="severity" value="error"/>
        </module>

        <!--http://checkstyle.sourceforge.net/config_annotation.html-->
        <module name="MissingDeprecated">
            <property name="severity" value="error"/>
        </module>
        <module name="MissingOverride">
            <property name="severity" value="error"/>
        </module>

        <!--http://checkstyle.sourceforge.net/config_filters.html-->
        <module name="FileContentsHolder"/>

    </module>

    <module name="FileTabCharacter">
        <property name="severity" value="error"/>
    </module>

    <module name="NewlineAtEndOfFile">
        <property name="severity" value="error"/>
    </module>

    <module name="FileLength"/>

    <module name="Translation"/>

    <!--http://checkstyle.sourceforge.net/config_regexp.html-->
    <module name="RegexpSingleline">
        <property name="severity" value="error"/>
        <property name="minimum" value="0"/>
        <property name="maximum" value="2"/>
        <property name="message" value="Line has trailing spaces."/>
    </module>

    <!--http://checkstyle.sourceforge.net/config_header.html-->
    <module name="RegexpHeader"/>

</module>
